driver,file,sector,sector_time_sec,brake_start_m,throttle_on_m,entry_speed_kph,exit_speed_kph,min_speed_kph,max_speed_kph,mean_speed_kph,var_speed,full_throttle_ratio,brake_ratio,sector_time_best,delta_time_sec
Alessio Carrino,Garage 61 - Alessio Carrino - Ferrari 296 Challenge - Autodromo Nazionale Monza (Grand Prix) - 01.44.595 - 01JXFP3G96RKMXJJ0GJW786KYG.csv,T1-T2 (Rettifilo),18.796838048059456,706.92193341,976.0745035799999,69.906213,36.152224079999996,17.502282719999997,80.20797499999999,55.194985829614254,587.7257095866725,0.584299732381802,0.26672613737734163,18.38627200137899,0.41056604668046504
Alessio Carrino,Garage 61 - Alessio Carrino - Ferrari 296 Challenge - Autodromo Nazionale Monza (Grand Prix) - 01.44.595 - 01JXFP3G96RKMXJJ0GJW786KYG.csv,Curva Grande,11.661190500651793,,1042.95590511,36.27248328,72.57026372,36.27248328,72.57026372,59.082364547220635,102.59714268311632,1.0,0.0,11.588415280509311,0.07277522014248206
Alessio Carrino,Garage 61 - Alessio Carrino - Ferrari 296 Challenge - Autodromo Nazionale Monza (Grand Prix) - 01.44.595 - 01JXFP3G96RKMXJJ0GJW786KYG.csv,Var. della Roggia,10.779325435565767,1918.50471141,2159.6272717800002,72.59598491999999,38.984182919999995,25.57446412,75.7159372,48.03140446950311,370.2396694358801,0.37111801242236025,0.41459627329192544,10.341033627863455,0.4382918077023117
Alessio Carrino,Garage 61 - Alessio Carrino - Ferrari 296 Challenge - Autodromo Nazionale Monza (Grand Prix) - 01.44.595 - 01JXFP3G96RKMXJJ0GJW786KYG.csv,Lesmo 1-2,20.466100574619773,2431.42133409,2563.24985445,39.07681556,63.95007528,35.62807396,63.95007528,47.68310988314935,56.592895393820925,0.6956168831168831,0.20454545454545456,20.062911657518782,0.4031889171009908
Alessio Carrino,Garage 61 - Alessio Carrino - Ferrari 296 Challenge - Autodromo Nazionale Monza (Grand Prix) - 01.44.595 - 01JXFP3G96RKMXJJ0GJW786KYG.csv,Serraglio,9.090935886564878,3741.8866249200005,,63.98133468,49.68296368,49.68296368,76.70005596,69.57096701816849,38.24716393199525,0.7362637362637363,0.23992673992673993,8.835726908461426,0.2552089781034521
Alessio Carrino,Garage 61 - Alessio Carrino - Ferrari 296 Challenge - Autodromo Nazionale Monza (Grand Prix) - 01.44.595 - 01JXFP3G96RKMXJJ0GJW786KYG.csv,Ascari,16.46968441289742,,3968.4268719,49.48347231999999,75.42584472,35.82405268,75.42584472,55.75019032230536,164.8304755489921,0.6966632962588474,0.07280080889787664,16.24437667508812,0.2253077378092989
Alessio Carrino,Garage 61 - Alessio Carrino - Ferrari 296 Challenge - Autodromo Nazionale Monza (Grand Prix) - 01.44.595 - 01JXFP3G96RKMXJJ0GJW786KYG.csv,Parabolica,17.33092514164091,4973.459076300001,5191.73080059,75.44961192000001,69.44626607692308,34.285188559999995,77.73035236000001,56.33670716596683,181.69852763555954,0.655831739961759,0.20172084130019122,17.000741053092366,0.3301840885485454
Andrew Kramer,Garage 61 - Andrew Kramer - Ferrari 296 Challenge - Autodromo Nazionale Monza (Grand Prix) - 01.44.302 - 01K0JFVPGJB1B9QS0AGGC4RT9P.csv,T1-T2 (Rettifilo),18.91256016141692,718.95202479,981.07560048,79.2776056153846,35.64428532,16.045461239999998,80.71694564,42.260186221545105,612.1568302788714,0.3277310924369748,0.4061624649859944,18.38627200137899,0.5262881600379288
Andrew Kramer,Garage 61 - Andrew Kramer - Ferrari 296 Challenge - Autodromo Nazionale Monza (Grand Prix) - 01.44.302 - 01K0JFVPGJB1B9QS0AGGC4RT9P.csv,Curva Grande,11.664974088955724,,1042.82996529,35.76712988,72.68395595999999,35.76712988,72.68395595999999,58.97271010550643,105.47184535611652,1.0,0.0,11.588415280509311,0.07655880844641239
Andrew Kramer,Garage 61 - Andrew Kramer - Ferrari 296 Challenge - Autodromo Nazionale Monza (Grand Prix) - 01.44.302 - 01K0JFVPGJB1B9QS0AGGC4RT9P.csv,Var. della Roggia,10.47208808594501,1958.09992434,2181.56142354,72.70831204,40.81057584,25.53428268,76.39667708,49.337413034022255,410.56594308394335,0.44992050874403816,0.35771065182829886,10.341033627863455,0.13105445808155558
Andrew Kramer,Garage 61 - Andrew Kramer - Ferrari 296 Challenge - Autodromo Nazionale Monza (Grand Prix) - 01.44.302 - 01K0JFVPGJB1B9QS0AGGC4RT9P.csv,Lesmo 1-2,20.28717144667138,2432.71462134,2871.93692691,40.890639,64.16914007999999,34.87307724,64.16914007999999,48.01190052908497,57.356357246973396,0.690359477124183,0.22140522875816993,20.062911657518782,0.22425978915259748
Andrew Kramer,Garage 61 - Andrew Kramer - Ferrari 296 Challenge - Autodromo Nazionale Monza (Grand Prix) - 01.44.302 - 01K0JFVPGJB1B9QS0AGGC4RT9P.csv,Serraglio,8.926655851761438,3773.0979186,,64.21241756,50.656745439999995,50.656745439999995,77.37768968,70.6761308942272,33.399043061740635,0.8175046554934823,0.186219739292365,8.835726908461426,0.09092894330001222
Andrew Kramer,Garage 61 - Andrew Kramer - Ferrari 296 Challenge - Autodromo Nazionale Monza (Grand Prix) - 01.44.302 - 01K0JFVPGJB1B9QS0AGGC4RT9P.csv,Ascari,16.593837986746625,,3972.3145542,50.378031920000005,75.70203824000001,33.14584436,75.70203824000001,55.281652536810434,189.56244671382876,0.6740220661985958,0.08425275827482448,16.24437667508812,0.349461311658505
Andrew Kramer,Garage 61 - Andrew Kramer - Ferrari 296 Challenge - Autodromo Nazionale Monza (Grand Prix) - 01.44.302 - 01K0JFVPGJB1B9QS0AGGC4RT9P.csv,Parabolica,17.444712378502913,4985.4332073,5192.2983408,75.72368344,78.01131423076923,34.90608028,78.01131423076923,61.21277782278847,208.40770072900204,0.7781593406593407,0.14285714285714285,17.000741053092366,0.44397132541054773
Attila Kozo,Garage 61 - Attila Kozo - Ferrari 296 Challenge - Autodromo Nazionale Monza (Grand Prix) - 01.42.966 - 01K3PE4K76FDGD67J371VV34HX.csv,T1-T2 (Rettifilo),18.526701977774163,725.8068816900001,984.13818579,70.59311407692309,35.77887548,19.652764400000002,80.60197532000001,55.919068004099174,601.4071027005247,0.5951307484220018,0.23805229936880073,18.38627200137899,0.14042997639517196
Attila Kozo,Garage 61 - Attila Kozo - Ferrari 296 Challenge - Autodromo Nazionale Monza (Grand Prix) - 01.42.966 - 01K3PE4K76FDGD67J371VV34HX.csv,Curva Grande,11.651974202017147,,1042.85864064,35.90437336,72.89398076,35.90437336,72.89398076,59.23337595018651,106.03512415470448,1.0,0.0,11.588415280509311,0.06355892150783582
Attila Kozo,Garage 61 - Attila Kozo - Ferrari 296 Challenge - Autodromo Nazionale Monza (Grand Prix) - 01.42.966 - 01K3PE4K76FDGD67J371VV34HX.csv,Var. della Roggia,10.539856435934878,1958.49135735,2152.96005015,72.91832396,41.597031959999995,24.632027199999996,76.57022048,49.17740296906497,403.71056917873653,0.41362916006339145,0.35657686212361334,10.341033627863455,0.19882280807142294
Attila Kozo,Garage 61 - Attila Kozo - Ferrari 296 Challenge - Autodromo Nazionale Monza (Grand Prix) - 01.42.966 - 01K3PE4K76FDGD67J371VV34HX.csv,Lesmo 1-2,20.062911657518782,2426.35355976,2871.40055304,41.67850168,64.58255116000001,35.51989564,64.58255116000001,48.72762068995025,55.697002710835285,0.7023217247097844,0.20480928689883915,20.062911657518782,0.0
Attila Kozo,Garage 61 - Attila Kozo - Ferrari 296 Challenge - Autodromo Nazionale Monza (Grand Prix) - 01.42.966 - 01K3PE4K76FDGD67J371VV34HX.csv,Serraglio,8.939437998574542,3778.9596815100003,,64.6138846,52.239634079999995,52.239634079999995,77.46791776,70.89432371111941,29.490463376282904,0.8246268656716418,0.17537313432835822,8.835726908461426,0.10371109011311574
Attila Kozo,Garage 61 - Attila Kozo - Ferrari 296 Challenge - Autodromo Nazionale Monza (Grand Prix) - 01.42.966 - 01K3PE4K76FDGD67J371VV34HX.csv,Ascari,16.24437667508812,,3958.7838441,51.97342648,75.7410452,36.09788752,75.7410452,56.69872910837783,162.39090249881676,0.7474332648870636,0.09034907597535935,16.24437667508812,0.0
Attila Kozo,Garage 61 - Attila Kozo - Ferrari 296 Challenge - Autodromo Nazionale Monza (Grand Prix) - 01.42.966 - 01K3PE4K76FDGD67J371VV34HX.csv,Parabolica,17.000741053092366,4990.783042800001,5189.346228,75.76357236,70.09226030769231,37.95638152,78.30122896,57.47444046524127,164.89900079813728,0.7014634146341463,0.18341463414634146,17.000741053092366,0.0
Audun Braastad,Garage 61 - Audun Braastad - Ferrari 296 Challenge - Autodromo Nazionale Monza (Grand Prix) - 01.44.158 - 01JXGEVDC22P47ERMYKFXGRC5W.csv,T1-T2 (Rettifilo),18.55997157308866,725.42657124,980.9502978899999,70.45602576923076,35.911030520000004,18.85587892,80.59215356,55.861287609265055,603.7801861763502,0.5924256086564472,0.23264201983769162,18.38627200137899,0.173699571709669
Audun Braastad,Garage 61 - Audun Braastad - Ferrari 296 Challenge - Autodromo Nazionale Monza (Grand Prix) - 01.44.158 - 01JXGEVDC22P47ERMYKFXGRC5W.csv,Curva Grande,11.637332501029388,,1043.17551774,36.03477564,72.55822364,36.03477564,72.55822364,59.147434453773315,103.93087417292155,1.0,0.0,11.588415280509311,0.0489172205200763
Audun Braastad,Garage 61 - Audun Braastad - Ferrari 296 Challenge - Autodromo Nazionale Monza (Grand Prix) - 01.44.158 - 01JXGEVDC22P47ERMYKFXGRC5W.csv,Var. della Roggia,10.724489109860304,1957.2836906399998,2160.40399722,72.58196043999999,41.32702644,23.53466188,76.2354414,48.364913648299535,419.3821696108323,0.44617784711388453,0.34477379095163807,10.341033627863455,0.3834554819968492
Audun Braastad,Garage 61 - Audun Braastad - Ferrari 296 Challenge - Autodromo Nazionale Monza (Grand Prix) - 01.44.158 - 01JXGEVDC22P47ERMYKFXGRC5W.csv,Lesmo 1-2,20.324995009454078,2428.82566458,2881.432407,41.40649284,64.16274948,34.60079432,64.16274948,48.01647771247136,57.579382749602544,0.7152209492635024,0.17921440261865793,20.062911657518782,0.26208335193529564
Audun Braastad,Garage 61 - Audun Braastad - Ferrari 296 Challenge - Autodromo Nazionale Monza (Grand Prix) - 01.44.158 - 01JXGEVDC22P47ERMYKFXGRC5W.csv,Serraglio,8.943056077788384,3786.0433039799996,,64.20582108,53.10052536,53.10052536,77.1341986,70.73175912684015,26.87935705673191,0.8345724907063197,0.16356877323420074,8.835726908461426,0.1073291693269578
Audun Braastad,Garage 61 - Audun Braastad - Ferrari 296 Challenge - Autodromo Nazionale Monza (Grand Prix) - 01.44.158 - 01JXGEVDC22P47ERMYKFXGRC5W.csv,Ascari,16.666900256178124,,3967.0046904,52.83369828,75.02750332,33.50670088,75.02750332,55.15897987744256,171.94008279734499,0.6893106893106893,0.11588411588411589,16.24437667508812,0.42252358109000454
Audun Braastad,Garage 61 - Audun Braastad - Ferrari 296 Challenge - Autodromo Nazionale Monza (Grand Prix) - 01.44.158 - 01JXGEVDC22P47ERMYKFXGRC5W.csv,Parabolica,17.30125547260107,4981.3085913,5177.54385945,75.05053052,69.67397876923077,36.00491884,77.54699896,56.4605612881247,171.4533113369253,0.6804222648752399,0.1813819577735125,17.000741053092366,0.30051441950870483
Cassius Braga,Garage 61 - Cassius Braga - Ferrari 296 Challenge - Autodromo Nazionale Monza (Grand Prix) - 01.44.161 - 01JXQKFE42QBWXNVVWXW1EAWX6.csv,T1-T2 (Rettifilo),18.622456571912473,732.00759303,977.2846033499999,69.89606376923076,35.62736508,17.07488712,79.99587428000001,55.7155614517127,596.192906158678,0.6036036036036037,0.25045045045045045,18.38627200137899,0.23618457053348152
Cassius Braga,Garage 61 - Cassius Braga - Ferrari 296 Challenge - Autodromo Nazionale Monza (Grand Prix) - 01.44.161 - 01JXQKFE42QBWXNVVWXW1EAWX6.csv,Curva Grande,11.697327509258526,,1042.85864064,35.7508492,72.34224416,35.7508492,72.34224416,58.90214569666192,103.87641260075043,1.0,0.0,11.588415280509311,0.10891222874921525
Cassius Braga,Garage 61 - Cassius Braga - Ferrari 296 Challenge - Autodromo Nazionale Monza (Grand Prix) - 01.44.161 - 01JXQKFE42QBWXNVVWXW1EAWX6.csv,Var. della Roggia,10.693259104174125,1938.3117315,2153.0919567600004,72.36665136,40.54883992,25.289119959999997,75.85900216,48.469271765633806,368.63636941788775,0.4162754303599374,0.39436619718309857,10.341033627863455,0.3522254763106698
Cassius Braga,Garage 61 - Cassius Braga - Ferrari 296 Challenge - Autodromo Nazionale Monza (Grand Prix) - 01.44.161 - 01JXQKFE42QBWXNVVWXW1EAWX6.csv,Lesmo 1-2,20.30497352405125,2436.8794986899998,2891.1965084999997,40.65129152,64.13794512,37.14484208,64.13794512,48.05667770161897,53.61305762136572,0.6745707277187244,0.19950940310711365,20.062911657518782,0.24206186653246675
Cassius Braga,Garage 61 - Cassius Braga - Ferrari 296 Challenge - Autodromo Nazionale Monza (Grand Prix) - 01.44.161 - 01JXQKFE42QBWXNVVWXW1EAWX6.csv,Serraglio,8.970741892051228,3780.1555305,,64.16887912,51.41495292,51.41495292,76.98577808,70.41795796942486,30.03811401313741,0.8274582560296846,0.17439703153988867,8.835726908461426,0.13501498358980157
Cassius Braga,Garage 61 - Cassius Braga - Ferrari 296 Challenge - Autodromo Nazionale Monza (Grand Prix) - 01.44.161 - 01JXQKFE42QBWXNVVWXW1EAWX6.csv,Ascari,16.614517267862073,,3964.3207935,51.13413500000001,74.8444068,34.388299,74.8444068,55.28353081382765,158.1229421313801,0.6943887775551102,0.10721442885771543,16.24437667508812,0.3701405927739536
Cassius Braga,Garage 61 - Cassius Braga - Ferrari 296 Challenge - Autodromo Nazionale Monza (Grand Prix) - 01.44.161 - 01JXQKFE42QBWXNVVWXW1EAWX6.csv,Parabolica,17.25772413069034,4995.00301158,5201.4860388,74.86836819999999,69.54751161538462,33.649347199999994,77.63934228,56.50822460469655,183.27426999571645,0.7307692307692307,0.20673076923076922,17.000741053092366,0.256983077597976
Christophe Vannobel,Garage 61 - Christophe Vannobel - Ferrari 296 Challenge - Autodromo Nazionale Monza (Grand Prix) - 01.44.675 - 01JXDXDX476MA7X2MQRMC3.csv,T1-T2 (Rettifilo),18.771217655891377,734.14358799,975.10064235,69.48630376923077,35.11445448,15.73320526,79.5594926,55.15801280209361,591.0648691910342,0.6138790035587188,0.2704626334519573,18.38627200137899,0.3849456545123857
Christophe Vannobel,Garage 61 - Christophe Vannobel - Ferrari 296 Challenge - Autodromo Nazionale Monza (Grand Prix) - 01.44.675 - 01JXDXDX476MA7X2MQRMC3.csv,Curva Grande,11.73941243302311,,1043.17401156,35.24129012,72.36790160000001,35.24129012,72.36790160000001,58.763781771266,106.32799091657537,1.0,0.0,11.588415280509311,0.1509971525137992
Christophe Vannobel,Garage 61 - Christophe Vannobel - Ferrari 296 Challenge - Autodromo Nazionale Monza (Grand Prix) - 01.44.675 - 01JXDXDX476MA7X2MQRMC3.csv,Var. della Roggia,10.824713698431038,1963.85747118,2158.8848408999997,72.39236423999999,40.50165632,24.07621956,76.15010316000001,47.83771315653787,429.55913630395787,0.42040185471406494,0.3106646058732612,10.341033627863455,0.48368007056758344
Christophe Vannobel,Garage 61 - Christophe Vannobel - Ferrari 296 Challenge - Autodromo Nazionale Monza (Grand Prix) - 01.44.675 - 01JXDXDX476MA7X2MQRMC3.csv,Lesmo 1-2,20.54467860298405,2420.4796315500002,2874.21467658,40.60138892,63.974608800000006,35.77543088,63.974608800000006,47.60330661271695,59.21181299160649,0.6763990267639902,0.15085158150851583,20.062911657518782,0.4817669454652673
Christophe Vannobel,Garage 61 - Christophe Vannobel - Ferrari 296 Challenge - Autodromo Nazionale Monza (Grand Prix) - 01.44.675 - 01JXDXDX476MA7X2MQRMC3.csv,Serraglio,8.949084952394394,3784.4645956199997,,64.01628612,51.75661624,51.75661624,77.05603099999999,70.57519963143389,28.915106749516717,0.8361266294227188,0.16573556797020483,8.835726908461426,0.11335804393296733
Christophe Vannobel,Garage 61 - Christophe Vannobel - Ferrari 296 Challenge - Autodromo Nazionale Monza (Grand Prix) - 01.44.675 - 01JXDXDX476MA7X2MQRMC3.csv,Ascari,16.45539572859807,,3968.3192958900004,51.4665328,75.20504063999999,36.50330896,75.20504063999999,55.915972923809534,162.4089739532289,0.6960486322188449,0.0668693009118541,16.24437667508812,0.21101905350995054
Christophe Vannobel,Garage 61 - Christophe Vannobel - Ferrari 296 Challenge - Autodromo Nazionale Monza (Grand Prix) - 01.44.675 - 01JXDXDX476MA7X2MQRMC3.csv,Parabolica,17.39049692867797,4987.5316636200005,5231.1572055,75.22760944,69.59647646153846,36.86540688,77.77585103999999,56.21088738136494,176.6961774275632,0.6771428571428572,0.14,17.000741053092366,0.3897558755856032
Cody Meek,Garage 61 - Cody Meek - Ferrari 296 Challenge - Autodromo Nazionale Monza (Grand Prix) - 01.44.595 - 01JYYR8BZDCKZT4DWBFV4TBBEZ.csv,T1-T2 (Rettifilo),18.71605401204445,728.0040507299999,979.54381542,70.07866123076923,35.09919136,18.06768896,80.38953664,55.304350703502486,608.4293090091019,0.5851917930419268,0.24531668153434433,18.38627200137899,0.32978201066545765
Cody Meek,Garage 61 - Cody Meek - Ferrari 296 Challenge - Autodromo Nazionale Monza (Grand Prix) - 01.44.595 - 01JYYR8BZDCKZT4DWBFV4TBBEZ.csv,Curva Grande,11.759545269293872,,1043.3158821299999,35.22433232,72.12909152,35.22433232,72.12909152,58.612381242780145,106.13631605093347,1.0,0.0,11.588415280509311,0.17112998878456054
Cody Meek,Garage 61 - Cody Meek - Ferrari 296 Challenge - Autodromo Nazionale Monza (Grand Prix) - 01.44.595 - 01JYYR8BZDCKZT4DWBFV4TBBEZ.csv,Var. della Roggia,10.665149986622573,1952.53215618,2141.33622186,72.15295191999999,40.46908796,25.093830320000002,75.64807148,48.5935721862069,403.6822407988203,0.42946708463949845,0.35266457680250785,10.341033627863455,0.3241163587591185
Cody Meek,Garage 61 - Cody Meek - Ferrari 296 Challenge - Autodromo Nazionale Monza (Grand Prix) - 01.44.595 - 01JYYR8BZDCKZT4DWBFV4TBBEZ.csv,Lesmo 1-2,20.509999712349668,2419.58519235,2874.14284338,40.56935808,63.740343319999994,35.18915804,63.740343319999994,47.6552289026256,55.27396107724805,0.6977309562398704,0.1774716369529984,20.062911657518782,0.44708805483088554
Cody Meek,Garage 61 - Cody Meek - Ferrari 296 Challenge - Autodromo Nazionale Monza (Grand Prix) - 01.44.595 - 01JYYR8BZDCKZT4DWBFV4TBBEZ.csv,Serraglio,9.05201559168198,3775.7366300999997,,63.770778719999996,49.94231008,49.94231008,76.53124112,69.88376308802947,32.47858416890026,0.8195211786372008,0.18232044198895028,8.835726908461426,0.2162886832205544
Cody Meek,Garage 61 - Cody Meek - Ferrari 296 Challenge - Autodromo Nazionale Monza (Grand Prix) - 01.44.595 - 01JYYR8BZDCKZT4DWBFV4TBBEZ.csv,Ascari,16.521725256378097,,3970.6776261900004,49.68535712,74.94316428,34.51889464,74.94316428,55.66633742668012,173.91373082377757,0.7880928355196771,0.07366296670030273,16.24437667508812,0.27734858128997786
Cody Meek,Garage 61 - Cody Meek - Ferrari 296 Challenge - Autodromo Nazionale Monza (Grand Prix) - 01.44.595 - 01JYYR8BZDCKZT4DWBFV4TBBEZ.csv,Parabolica,17.370510171629338,4985.3718015,5176.2963369,74.96474388,69.66610253846153,35.159864,77.35993952,56.305983146519786,180.40594036557064,0.7018216682646213,0.18983700862895495,17.000741053092366,0.36976911853697203
Dennis Blomaard,Garage 61 - Dennis Blomaard - Ferrari 296 Challenge - Autodromo Nazionale Monza (Grand Prix) - 01.44.008 - 01K3H9PYATB9QDGC4HD704ZDK3.csv,T1-T2 (Rettifilo),18.658946496261436,730.55152248,988.3314488399999,69.50698353846154,34.557707840000006,18.912785160000002,79.93964132,55.49053212464069,589.6884605240698,0.5958781362007168,0.20519713261648745,18.38627200137899,0.27267449488244466
Dennis Blomaard,Garage 61 - Dennis Blomaard - Ferrari 296 Challenge - Autodromo Nazionale Monza (Grand Prix) - 01.44.008 - 01K3H9PYATB9QDGC4HD704ZDK3.csv,Curva Grande,11.799750969817982,,1042.95074934,34.682841280000005,72.00821447999999,34.682841280000005,72.00821447999999,58.38066042427157,107.56879052803075,1.0,0.0,11.588415280509311,0.21133568930867064
Dennis Blomaard,Garage 61 - Dennis Blomaard - Ferrari 296 Challenge - Autodromo Nazionale Monza (Grand Prix) - 01.44.008 - 01K3H9PYATB9QDGC4HD704ZDK3.csv,Var. della Roggia,10.473435332729759,1957.28693472,2153.90477259,72.03297168,41.26310936,26.71461148,75.7327574,49.52834570996805,373.2752286371311,0.41214057507987223,0.3258785942492013,10.341033627863455,0.13240170486630376
Dennis Blomaard,Garage 61 - Dennis Blomaard - Ferrari 296 Challenge - Autodromo Nazionale Monza (Grand Prix) - 01.44.008 - 01K3H9PYATB9QDGC4HD704ZDK3.csv,Lesmo 1-2,20.329469576513958,2435.93413902,2567.10225738,41.34253164,64.08394116000001,36.17283596,64.08394116000001,48.01557520022876,56.33723251400102,0.7099673202614379,0.1568627450980392,20.062911657518782,0.26655791899517567
Dennis Blomaard,Garage 61 - Dennis Blomaard - Ferrari 296 Challenge - Autodromo Nazionale Monza (Grand Prix) - 01.44.008 - 01K3H9PYATB9QDGC4HD704ZDK3.csv,Serraglio,8.9784694188551,3783.4969328999996,,64.12618156,52.88251819999999,52.88251819999999,76.77116219999999,70.44756402359926,26.41277509415664,0.8274582560296846,0.16697588126159554,8.835726908461426,0.14274251039367414
Dennis Blomaard,Garage 61 - Dennis Blomaard - Ferrari 296 Challenge - Autodromo Nazionale Monza (Grand Prix) - 01.44.008 - 01K3H9PYATB9QDGC4HD704ZDK3.csv,Ascari,16.429713455281288,,3961.0492546799996,52.615411560000005,74.9269472,36.12048067999999,74.9269472,55.96192676284264,157.8944228431812,0.7461928934010152,0.083248730964467,16.24437667508812,0.18533678019316824
Dennis Blomaard,Garage 61 - Dennis Blomaard - Ferrari 296 Challenge - Autodromo Nazionale Monza (Grand Prix) - 01.44.008 - 01K3H9PYATB9QDGC4HD704ZDK3.csv,Parabolica,17.33821475054048,4985.63045895,5215.6945299,74.9495102,69.45762807692307,37.053721679999995,77.45347328000001,56.359065946919856,172.1079498329525,0.6903163950143816,0.15819750719079578,17.000741053092366,0.3374736974481145
Filip Koniuk,Garage 61 - Filip Koniuk - Ferrari 296 Challenge - Autodromo Nazionale Monza (Grand Prix) - 01.44.152 - 01K3NHZCR100J8Y0J99BV1Q2JH.csv,T1-T2 (Rettifilo),18.637836437232895,725.61096243,970.2795339600001,69.75996384615384,34.7622378,18.72161264,80.84632992,55.61977741589491,598.550857791112,0.6208445642407907,0.2398921832884097,18.38627200137899,0.2515644358539042
Filip Koniuk,Garage 61 - Filip Koniuk - Ferrari 296 Challenge - Autodromo Nazionale Monza (Grand Prix) - 01.44.152 - 01K3NHZCR100J8Y0J99BV1Q2JH.csv,Curva Grande,11.829854139829715,,1042.76850156,34.87869792,71.93057619999999,34.87869792,71.93057619999999,58.28985523757063,107.2546576050345,1.0,0.0,11.588415280509311,0.24143885932040376
Filip Koniuk,Garage 61 - Filip Koniuk - Ferrari 296 Challenge - Autodromo Nazionale Monza (Grand Prix) - 01.44.152 - 01K3NHZCR100J8Y0J99BV1Q2JH.csv,Var. della Roggia,10.341033627863455,1962.6562347,2147.9923788600004,71.95549460000001,41.35803396,26.43554,75.71080576,50.07511704646203,369.58791097644087,0.46526655896607433,0.3263327948303716,10.341033627863455,0.0
Filip Koniuk,Garage 61 - Filip Koniuk - Ferrari 296 Challenge - Autodromo Nazionale Monza (Grand Prix) - 01.44.152 - 01K3NHZCR100J8Y0J99BV1Q2JH.csv,Lesmo 1-2,20.240691911707053,2433.7001265,2868.74718525,41.43485767999999,63.777245,37.311153680000004,63.777245,48.226793967789646,50.98208409394119,0.7124075595727198,0.1684470008216927,20.062911657518782,0.1777802541882707
Filip Koniuk,Garage 61 - Filip Koniuk - Ferrari 296 Challenge - Autodromo Nazionale Monza (Grand Prix) - 01.44.152 - 01K3NHZCR100J8Y0J99BV1Q2JH.csv,Serraglio,9.027424116670328,3782.3070507,,63.8181654,51.47646952,51.47646952,76.51258716000001,70.00338443217711,28.247351010010508,0.8284132841328413,0.16974169741697417,8.835726908461426,0.19169720820890213
Filip Koniuk,Garage 61 - Filip Koniuk - Ferrari 296 Challenge - Autodromo Nazionale Monza (Grand Prix) - 01.44.152 - 01K3NHZCR100J8Y0J99BV1Q2JH.csv,Ascari,16.506607369386934,,3942.6297739499996,51.19616368,73.9913122,38.55170828,73.9913122,55.70440995446465,136.60943178301918,0.7444444444444445,0.06565656565656566,16.24437667508812,0.2622306942988146
Filip Koniuk,Garage 61 - Filip Koniuk - Ferrari 296 Challenge - Autodromo Nazionale Monza (Grand Prix) - 01.44.152 - 01K3NHZCR100J8Y0J99BV1Q2JH.csv,Parabolica,17.568552397309634,4983.7254309,5176.6740405,74.01440036000001,69.25035961538461,35.4857184,76.6084296,55.58355303704621,167.45755101347888,0.719811320754717,0.1632075471698113,17.000741053092366,0.5678113442172688
Flatout Sim Racing Rig 1,Garage 61 - Flatout Sim Racing Rig 1 - Ferrari 296 Challenge - Autodromo Nazionale Monza (Grand Prix) - 01.44.483 - 01K4GT2NRRFVC11FZ.csv,T1-T2 (Rettifilo),18.572622743709505,729.7250931,982.3906694100001,69.92277692307692,35.358975879999996,17.86066488,80.17617664000001,55.813979881864554,598.9283097337977,0.5972972972972973,0.22792792792792793,18.38627200137899,0.1863507423305144
Flatout Sim Racing Rig 1,Garage 61 - Flatout Sim Racing Rig 1 - Ferrari 296 Challenge - Autodromo Nazionale Monza (Grand Prix) - 01.44.483 - 01K4GT2NRRFVC11FZ.csv,Curva Grande,11.715538370663904,,1042.81623588,35.48294852,72.4614284,35.48294852,72.4614284,58.817948808091174,106.36615674300562,1.0,0.0,11.588415280509311,0.12712309015459233
Flatout Sim Racing Rig 1,Garage 61 - Flatout Sim Racing Rig 1 - Ferrari 296 Challenge - Autodromo Nazionale Monza (Grand Prix) - 01.44.483 - 01K4GT2NRRFVC11FZ.csv,Var. della Roggia,10.507377433228912,1961.30785602,2190.85542309,72.48649676,39.41403028,26.23738492,76.27817076000001,49.32059326709062,412.09922541097114,0.4483306836248013,0.34181240063593005,10.341033627863455,0.16634380536545734
Flatout Sim Racing Rig 1,Garage 61 - Flatout Sim Racing Rig 1 - Ferrari 296 Challenge - Autodromo Nazionale Monza (Grand Prix) - 01.44.483 - 01K4GT2NRRFVC11FZ.csv,Lesmo 1-2,20.744783261173744,2432.3964697799997,2871.14276454,39.50304612,64.1658526,35.16131404,64.1658526,47.09328909145148,58.90505717936566,0.648757016840417,0.14434643143544507,20.062911657518782,0.6818716036549617
Flatout Sim Racing Rig 1,Garage 61 - Flatout Sim Racing Rig 1 - Ferrari 296 Challenge - Autodromo Nazionale Monza (Grand Prix) - 01.44.483 - 01K4GT2NRRFVC11FZ.csv,Serraglio,8.945397837352814,3777.2961057,,64.196991,52.07766088,52.07766088,77.1873244,70.59156698495345,29.277256523354733,0.8342644320297952,0.17690875232774675,8.835726908461426,0.10967092889138819
Flatout Sim Racing Rig 1,Garage 61 - Flatout Sim Racing Rig 1 - Ferrari 296 Challenge - Autodromo Nazionale Monza (Grand Prix) - 01.44.483 - 01K4GT2NRRFVC11FZ.csv,Ascari,16.487250950979927,,3972.22105518,51.80334552,75.11490116,37.31057492,75.11490116,55.78159728778115,152.68993772025024,0.6322188449848024,0.07801418439716312,16.24437667508812,0.24287427589180766
Flatout Sim Racing Rig 1,Garage 61 - Flatout Sim Racing Rig 1 - Ferrari 296 Challenge - Autodromo Nazionale Monza (Grand Prix) - 01.44.483 - 01K4GT2NRRFVC11FZ.csv,Parabolica,17.510029402891192,4979.4907479,5216.8147223099995,75.13866016,69.23439107692307,36.94144072,77.72444044,55.728035720374145,177.7093155287824,0.6508987701040682,0.1598864711447493,17.000741053092366,0.5092883497988261
Flatout Sim Racing Rig 2,Garage 61 - Flatout Sim Racing Rig 2 - Ferrari 296 Challenge - Autodromo Nazionale Monza (Grand Prix) - 01.43.747 - 01K4GT02RZ0EJ1ZP2.csv,T1-T2 (Rettifilo),18.659992206515767,725.3832975299999,979.25138478,69.7619496923077,36.11032872,17.71805188,80.10327252,55.512833075279005,603.4015283435788,0.6078782452999105,0.23455684870188004,18.38627200137899,0.273720205136776
Flatout Sim Racing Rig 2,Garage 61 - Flatout Sim Racing Rig 2 - Ferrari 296 Challenge - Autodromo Nazionale Monza (Grand Prix) - 01.43.747 - 01K4GT02RZ0EJ1ZP2.csv,Curva Grande,11.659000515404436,,1043.25349152,36.23265552,72.64370944000001,36.23265552,72.64370944000001,59.14318188589413,103.6982125516611,1.0,0.0,11.588415280509311,0.07058523489512503
Flatout Sim Racing Rig 2,Garage 61 - Flatout Sim Racing Rig 2 - Ferrari 296 Challenge - Autodromo Nazionale Monza (Grand Prix) - 01.43.747 - 01K4GT02RZ0EJ1ZP2.csv,Var. della Roggia,10.49239860503216,1966.09634982,2154.3700663500003,72.66867208,41.46901656,23.24775028,76.48962,49.41542645097288,417.7282533122884,0.48325358851674644,0.3492822966507177,10.341033627863455,0.15136497716870423
Flatout Sim Racing Rig 2,Garage 61 - Flatout Sim Racing Rig 2 - Ferrari 296 Challenge - Autodromo Nazionale Monza (Grand Prix) - 01.43.747 - 01K4GT02RZ0EJ1ZP2.csv,Lesmo 1-2,20.495400476884672,2414.39286852,2871.8027030999997,41.5694808,64.37889692,35.533408800000004,64.37889692,47.62407498188312,64.37890644864781,0.7045454545454546,0.1663961038961039,20.062911657518782,0.43248881936589
Flatout Sim Racing Rig 2,Garage 61 - Flatout Sim Racing Rig 2 - Ferrari 296 Challenge - Autodromo Nazionale Monza (Grand Prix) - 01.43.747 - 01K4GT02RZ0EJ1ZP2.csv,Serraglio,8.913427535553048,3776.8610514,,64.40984772,52.969309079999995,52.969309079999995,77.31758136,70.98251461114019,27.287562395734785,0.8355140186915888,0.17570093457943925,8.835726908461426,0.0777006270916214
Flatout Sim Racing Rig 2,Garage 61 - Flatout Sim Racing Rig 2 - Ferrari 296 Challenge - Autodromo Nazionale Monza (Grand Prix) - 01.43.747 - 01K4GT02RZ0EJ1ZP2.csv,Ascari,16.35272071616529,,3960.80235702,52.686745359999996,75.75065964000001,33.65497544,75.75065964000001,56.228483119959186,175.6049885306616,0.7653061224489796,0.10510204081632653,16.24437667508812,0.10834404107717077
Flatout Sim Racing Rig 2,Garage 61 - Flatout Sim Racing Rig 2 - Ferrari 296 Challenge - Autodromo Nazionale Monza (Grand Prix) - 01.43.747 - 01K4GT02RZ0EJ1ZP2.csv,Parabolica,17.174059944444622,4988.32652115,5213.0911557,75.77335164,69.73141084615385,36.307800119999996,78.30976824,56.93218996245885,180.08136530825493,0.7207729468599033,0.17198067632850242,17.000741053092366,0.1733188913522561
Flatout Sim Racing Rig 4,Garage 61 - Flatout Sim Racing Rig 4 - Ferrari 296 Challenge - Autodromo Nazionale Monza (Grand Prix) - 01.43.995 - 01K4BWZZYSKWZ991S.csv,T1-T2 (Rettifilo),18.93825607465793,712.3709450700001,978.96677469,69.76420946153846,35.88647692,16.1489014,79.9112784,54.6198307044411,615.1570655182459,0.6061674008810573,0.2537444933920705,18.38627200137899,0.5519840732789376
Flatout Sim Racing Rig 4,Garage 61 - Flatout Sim Racing Rig 4 - Ferrari 296 Challenge - Autodromo Nazionale Monza (Grand Prix) - 01.43.995 - 01K4BWZZYSKWZ991S.csv,Curva Grande,11.688162557634373,,1043.08792758,36.00769412,72.33883352,36.00769412,72.33883352,58.84902883058488,103.22311990855145,1.0,0.0,11.588415280509311,0.09974727712506137
Flatout Sim Racing Rig 4,Garage 61 - Flatout Sim Racing Rig 4 - Ferrari 296 Challenge - Autodromo Nazionale Monza (Grand Prix) - 01.43.995 - 01K4BWZZYSKWZ991S.csv,Var. della Roggia,10.457089631303523,1942.9985581500002,2158.9644946500002,72.36445852,40.03827856,27.12097464,75.85579256,49.53510197565495,382.97939565606714,0.4217252396166134,0.36900958466453676,10.341033627863455,0.11605600344006817
Flatout Sim Racing Rig 4,Garage 61 - Flatout Sim Racing Rig 4 - Ferrari 296 Challenge - Autodromo Nazionale Monza (Grand Prix) - 01.43.995 - 01K4BWZZYSKWZ991S.csv,Lesmo 1-2,20.31878483595536,2420.27797722,2886.77164131,40.120798799999996,63.827682319999994,36.47705208,63.827682319999994,47.99481623254293,53.74730227522603,0.6966475878986099,0.17906786590351595,20.062911657518782,0.25587317843657686
Flatout Sim Racing Rig 4,Garage 61 - Flatout Sim Racing Rig 4 - Ferrari 296 Challenge - Autodromo Nazionale Monza (Grand Prix) - 01.43.995 - 01K4BWZZYSKWZ991S.csv,Serraglio,8.965211119831947,3768.3812580000003,,63.8593426,52.82996036,52.82996036,76.86714204,70.39653982152134,27.792380879739248,0.8163265306122449,0.18923933209647495,8.835726908461426,0.1294842113705208
Flatout Sim Racing Rig 4,Garage 61 - Flatout Sim Racing Rig 4 - Ferrari 296 Challenge - Autodromo Nazionale Monza (Grand Prix) - 01.43.995 - 01K4BWZZYSKWZ991S.csv,Ascari,16.323701328436105,,3969.0019430099996,52.56337619999999,75.43374912,35.023788960000005,75.43374912,56.26519558555102,164.04397706186822,0.7948979591836735,0.08877551020408163,16.24437667508812,0.07932465334798522
Flatout Sim Racing Rig 4,Garage 61 - Flatout Sim Racing Rig 4 - Ferrari 296 Challenge - Autodromo Nazionale Monza (Grand Prix) - 01.43.995 - 01K4BWZZYSKWZ991S.csv,Parabolica,17.303794452180774,4981.6654401000005,5200.9009458,75.45661408,69.32691330769231,34.507295760000005,77.93887184,56.399068480797325,182.2587620197307,0.6911196911196911,0.20366795366795368,17.000741053092366,0.3030533990884088
Flatout Sim Racing Rig 7,Garage 61 - Flatout Sim Racing Rig 7 - Ferrari 296 Challenge - Autodromo Nazionale Monza (Grand Prix) - 01.43.940 - 01K4KAVV9Q6VSZHYX.csv,T1-T2 (Rettifilo),18.639649174593327,737.72916534,975.41983665,70.05928115384616,35.37136544,15.67372812,80.11563296,55.49023056244995,616.975917447967,0.5974955277280859,0.22719141323792486,18.38627200137899,0.2533771732143357
Flatout Sim Racing Rig 7,Garage 61 - Flatout Sim Racing Rig 7 - Ferrari 296 Challenge - Autodromo Nazionale Monza (Grand Prix) - 01.43.940 - 01K4KAVV9Q6VSZHYX.csv,Curva Grande,11.748419391972735,,1043.21740113,35.4945972,72.3233688,35.4945972,72.3233688,58.68900652414773,105.5700068247385,1.0,0.0,11.588415280509311,0.16000411146342408
Flatout Sim Racing Rig 7,Garage 61 - Flatout Sim Racing Rig 7 - Ferrari 296 Challenge - Autodromo Nazionale Monza (Grand Prix) - 01.43.940 - 01K4KAVV9Q6VSZHYX.csv,Var. della Roggia,10.516889186538373,1962.21492396,2156.4703185,72.34792999999999,40.770889239999995,23.97466276,76.00389024,49.264804345396826,402.0528300964486,0.41904761904761906,0.3603174603174603,10.341033627863455,0.1758555586749182
Flatout Sim Racing Rig 7,Garage 61 - Flatout Sim Racing Rig 7 - Ferrari 296 Challenge - Autodromo Nazionale Monza (Grand Prix) - 01.43.940 - 01K4KAVV9Q6VSZHYX.csv,Lesmo 1-2,20.416731345851733,2430.66100284,2879.723472,40.85050308,64.03332212000001,34.29870772,64.03332212000001,47.891930658205546,58.639650840037845,0.7088091353996737,0.1639477977161501,20.062911657518782,0.3538196883329512
Flatout Sim Racing Rig 7,Garage 61 - Flatout Sim Racing Rig 7 - Ferrari 296 Challenge - Autodromo Nazionale Monza (Grand Prix) - 01.43.940 - 01K4KAVV9Q6VSZHYX.csv,Serraglio,9.002163772823613,3774.4418946,,64.06598372,51.11239744,51.11239744,76.85405628000001,70.2220478311111,30.908821069170624,0.7944444444444444,0.18333333333333332,8.835726908461426,0.1664368643621863
Flatout Sim Racing Rig 7,Garage 61 - Flatout Sim Racing Rig 7 - Ferrari 296 Challenge - Autodromo Nazionale Monza (Grand Prix) - 01.43.940 - 01K4KAVV9Q6VSZHYX.csv,Ascari,16.421290138061053,,3959.4929073000003,50.848065719999994,75.69766544,32.8892224,75.69766544,56.05863495756345,181.83148853765903,0.7979695431472081,0.09340101522842639,16.24437667508812,0.17691346297293364
Flatout Sim Racing Rig 7,Garage 61 - Flatout Sim Racing Rig 7 - Ferrari 296 Challenge - Autodromo Nazionale Monza (Grand Prix) - 01.43.940 - 01K4KAVV9Q6VSZHYX.csv,Parabolica,17.19485699015916,4993.0567953,5194.583100000001,75.7200816,69.57388053846154,35.98532848,78.18240516,56.84945525011104,176.66472929000352,0.707647628267183,0.1713455953533398,17.000741053092366,0.19411593706679398
Gerry Verner,Garage 61 - Gerry Verner - Ferrari 296 Challenge - Autodromo Nazionale Monza (Grand Prix) - 01.43.712 - 01K3M5KCGMNK73XSBCY4WNXM5Z.csv,T1-T2 (Rettifilo),18.47679673528786,727.7966034,943.76126544,70.45211776923077,34.89934108,18.79031156,81.01819932000001,56.19683711802331,612.0243567175736,0.5930971843778383,0.26248864668483196,18.38627200137899,0.09052473390886817
Gerry Verner,Garage 61 - Gerry Verner - Ferrari 296 Challenge - Autodromo Nazionale Monza (Grand Prix) - 01.43.712 - 01K3M5KCGMNK73XSBCY4WNXM5Z.csv,Curva Grande,11.714405600813873,,1042.88256573,35.026631280000004,72.69378667999999,35.026631280000004,72.69378667999999,58.7752351517379,109.64358617728769,1.0,0.0,11.588415280509311,0.12599032030456137
Gerry Verner,Garage 61 - Gerry Verner - Ferrari 296 Challenge - Autodromo Nazionale Monza (Grand Prix) - 01.43.712 - 01K3M5KCGMNK73XSBCY4WNXM5Z.csv,Var. della Roggia,10.499729497312556,1971.45539619,2199.19039149,72.71889108,38.022631759999996,24.50979664,76.74423032,49.254910537396825,438.7609870067182,0.4444444444444444,0.3523809523809524,10.341033627863455,0.15869586944910097
Gerry Verner,Garage 61 - Gerry Verner - Ferrari 296 Challenge - Autodromo Nazionale Monza (Grand Prix) - 01.43.712 - 01K3M5KCGMNK73XSBCY4WNXM5Z.csv,Lesmo 1-2,20.32304495878854,2430.08905995,2879.23964064,38.1365476,64.47375355999999,36.287542,64.47375355999999,47.979297923535185,55.81347746104372,0.6734860883797054,0.2078559738134206,20.062911657518782,0.2601333012697573
Gerry Verner,Garage 61 - Gerry Verner - Ferrari 296 Challenge - Autodromo Nazionale Monza (Grand Prix) - 01.43.712 - 01K3M5KCGMNK73XSBCY4WNXM5Z.csv,Serraglio,8.900813478664658,3776.56647735,,64.51701299999999,52.58296428,52.58296428,77.5673112,70.96255701054206,28.934958918349423,0.8373831775700935,0.17757009345794392,8.835726908461426,0.06508657020323128
Gerry Verner,Garage 61 - Gerry Verner - Ferrari 296 Challenge - Autodromo Nazionale Monza (Grand Prix) - 01.43.712 - 01K3M5KCGMNK73XSBCY4WNXM5Z.csv,Ascari,16.411588439527645,,3965.267949,52.3111382,75.62432056,34.4869474,75.62432056,55.920013733171224,168.09756117699783,0.7487335359675785,0.0972644376899696,16.24437667508812,0.167211764439525
Gerry Verner,Garage 61 - Gerry Verner - Ferrari 296 Challenge - Autodromo Nazionale Monza (Grand Prix) - 01.43.712 - 01K3M5KCGMNK73XSBCY4WNXM5Z.csv,Parabolica,17.385621289604874,4972.8763005,5185.2163983,75.64832775999999,70.0418246923077,34.63951584,78.1343708,56.15402543001091,187.0007398033709,0.6577437858508605,0.18833652007648183,17.000741053092366,0.38488023651250813
Jens Homann,Garage 61 - Jens Homann - Ferrari 296 Challenge - Autodromo Nazionale Monza (Grand Prix) - 01.44.731 - 01K3ZWJ6XYZ50GNX2Z017JRBZF.csv,T1-T2 (Rettifilo),18.77072051309023,728.0154050100001,976.05225846,69.28917238461538,34.2395406,18.4226226,79.88476904,55.2021971821078,594.3065706406087,0.5882352941176471,0.26916221033868093,18.38627200137899,0.38444851171123773
Jens Homann,Garage 61 - Jens Homann - Ferrari 296 Challenge - Autodromo Nazionale Monza (Grand Prix) - 01.44.731 - 01K3ZWJ6XYZ50GNX2Z017JRBZF.csv,Curva Grande,11.867206771639868,,1042.80100029,34.3633368,71.88676504,34.3633368,71.88676504,58.01737465715893,108.2246050819114,1.0,0.0,11.588415280509311,0.2787914911305567
Jens Homann,Garage 61 - Jens Homann - Ferrari 296 Challenge - Autodromo Nazionale Monza (Grand Prix) - 01.44.731 - 01K3ZWJ6XYZ50GNX2Z017JRBZF.csv,Var. della Roggia,10.588825783851272,1962.31780764,2153.55047271,71.91277004,38.52525804,25.117080119999997,75.57973292,48.87807085036336,401.6917432514502,0.40916271721958924,0.3570300157977883,10.341033627863455,0.2477921559878169
Jens Homann,Garage 61 - Jens Homann - Ferrari 296 Challenge - Autodromo Nazionale Monza (Grand Prix) - 01.44.731 - 01K3ZWJ6XYZ50GNX2Z017JRBZF.csv,Lesmo 1-2,20.565419561644646,2429.77861308,2550.710037,38.61054576,63.69192672,35.38111,63.69192672,47.41011819479806,54.58044879009845,0.6704361873990307,0.18982229402261713,20.062911657518782,0.5025079041258635
Jens Homann,Garage 61 - Jens Homann - Ferrari 296 Challenge - Autodromo Nazionale Monza (Grand Prix) - 01.44.731 - 01K3ZWJ6XYZ50GNX2Z017JRBZF.csv,Serraglio,9.010928786749457,3778.99901598,,63.73297648,52.16293668,52.16293668,76.51720208,70.04249031778598,27.747919370685306,0.8228782287822878,0.17343173431734318,8.835726908461426,0.17520187828803024
Jens Homann,Garage 61 - Jens Homann - Ferrari 296 Challenge - Autodromo Nazionale Monza (Grand Prix) - 01.44.731 - 01K3ZWJ6XYZ50GNX2Z017JRBZF.csv,Ascari,16.404810718999688,,3969.3427452,51.908429080000005,74.90013828,37.317313799999994,74.90013828,56.038605843373986,150.17439381395243,0.7245934959349594,0.08638211382113821,16.24437667508812,0.16043404391156812
Jens Homann,Garage 61 - Jens Homann - Ferrari 296 Challenge - Autodromo Nazionale Monza (Grand Prix) - 01.44.731 - 01K3ZWJ6XYZ50GNX2Z017JRBZF.csv,Parabolica,17.523087864024834,4986.2448066,5195.48408529,74.92337188,68.83014753846153,33.8549978,77.41010935999999,55.580033586380864,182.9304192619779,0.6869070208728653,0.2077798861480076,17.000741053092366,0.5223468109324685
Joep van Tilburg,Garage 61 - Joep van Tilburg - Ferrari 296 Challenge - Autodromo Nazionale Monza (Grand Prix) - 01.44.077 - 01K3H9KK6VTRKAR5KNAH2QC0T.csv,T1-T2 (Rettifilo),18.729539886794047,721.09885266,978.97772346,69.98694692307693,35.73555128,15.71366716,80.52051672,55.23415551813857,638.2681418467295,0.6087344028520499,0.2736185383244207,18.38627200137899,0.34326788541505593
Joep van Tilburg,Garage 61 - Joep van Tilburg - Ferrari 296 Challenge - Autodromo Nazionale Monza (Grand Prix) - 01.44.077 - 01K3H9KK6VTRKAR5KNAH2QC0T.csv,Curva Grande,11.656409492012843,,1043.3131594200001,35.85851788,72.7085888,35.85851788,72.7085888,59.01174484938484,105.60151693007964,1.0,0.0,11.588415280509311,0.06799421150353169
Joep van Tilburg,Garage 61 - Joep van Tilburg - Ferrari 296 Challenge - Autodromo Nazionale Monza (Grand Prix) - 01.44.077 - 01K3H9KK6VTRKAR5KNAH2QC0T.csv,Var. della Roggia,10.566833434423485,1941.309609,2154.1098447900004,72.7338024,39.69116352,25.702338,76.21870172,49.02634860006329,403.60955179709373,0.4129746835443038,0.3670886075949367,10.341033627863455,0.22579980656002974
Joep van Tilburg,Garage 61 - Joep van Tilburg - Ferrari 296 Challenge - Autodromo Nazionale Monza (Grand Prix) - 01.44.077 - 01K3H9KK6VTRKAR5KNAH2QC0T.csv,Lesmo 1-2,20.33634120581595,2423.63403591,2564.77381896,39.77508488,64.28517844,36.57139472,64.28517844,47.98757331372036,55.16651180453703,0.6991005723630417,0.16271463614063778,20.062911657518782,0.27342954829716604
Joep van Tilburg,Garage 61 - Joep van Tilburg - Ferrari 296 Challenge - Autodromo Nazionale Monza (Grand Prix) - 01.44.077 - 01K3H9KK6VTRKAR5KNAH2QC0T.csv,Serraglio,8.902239755054866,3772.2735746999997,,64.31643912,54.04949536,54.04949536,77.16210131999999,70.953274664,25.08587355786234,0.8242990654205608,0.18130841121495328,8.835726908461426,0.06651284659344014
Joep van Tilburg,Garage 61 - Joep van Tilburg - Ferrari 296 Challenge - Autodromo Nazionale Monza (Grand Prix) - 01.44.077 - 01K3H9KK6VTRKAR5KNAH2QC0T.csv,Ascari,16.499919072541175,,3965.72235192,53.76778724,75.36107524,34.10325592,75.36107524,55.695053316161626,171.0030426160457,0.6919191919191919,0.08686868686868687,16.24437667508812,0.2555423974530555
Joep van Tilburg,Garage 61 - Joep van Tilburg - Ferrari 296 Challenge - Autodromo Nazionale Monza (Grand Prix) - 01.44.077 - 01K3H9KK6VTRKAR5KNAH2QC0T.csv,Parabolica,17.385717153357643,4976.3984445,5206.19499471,75.38429244,69.37266569230769,35.47483088,77.84874959999999,56.160648068392554,173.91524161017713,0.7385057471264368,0.17337164750957854,17.000741053092366,0.38497610026527695
John Knie,Garage 61 - John Knie - Ferrari 296 Challenge - Autodromo Nazionale Monza (Grand Prix) - 01.44.612 - 01JYYR854T1XRZEKA5F6GMTNNH.csv,T1-T2 (Rettifilo),18.748758165625848,716.029769112,977.51082,69.62820930769232,35.43258112,18.59233716,79.60852888,55.29124794293248,575.7238583070001,0.58125,0.21339285714285713,18.38627200137899,0.36248616424685665
John Knie,Garage 61 - John Knie - Ferrari 296 Challenge - Autodromo Nazionale Monza (Grand Prix) - 01.44.612 - 01JYYR854T1XRZEKA5F6GMTNNH.csv,Curva Grande,11.78235364800493,,1042.8723121199998,35.5541456,71.83197548,35.5541456,71.83197548,58.55364314655319,102.24325946759888,1.0,0.0,11.588415280509311,0.193938367495619
John Knie,Garage 61 - John Knie - Ferrari 296 Challenge - Autodromo Nazionale Monza (Grand Prix) - 01.44.612 - 01JYYR854T1XRZEKA5F6GMTNNH.csv,Var. della Roggia,10.555004523792814,1956.57288954,2159.86223586,71.85608012,40.34421072,27.153261200000003,75.4436408,49.13245744253566,372.8809893010305,0.4231378763866878,0.3232963549920761,10.341033627863455,0.21397089592935892
John Knie,Garage 61 - John Knie - Ferrari 296 Challenge - Autodromo Nazionale Monza (Grand Prix) - 01.44.612 - 01JYYR854T1XRZEKA5F6GMTNNH.csv,Lesmo 1-2,20.441240911717927,2430.25636179,2566.9263819000003,40.443372600000004,63.56778612,37.4539252,63.56778612,47.83940705416938,50.10724592475105,0.6791530944625407,0.13273615635179153,20.062911657518782,0.3783292541991443
John Knie,Garage 61 - John Knie - Ferrari 296 Challenge - Autodromo Nazionale Monza (Grand Prix) - 01.44.612 - 01JYYR854T1XRZEKA5F6GMTNNH.csv,Serraglio,9.022167497894385,3774.9684783000002,,63.5993544,52.358940280000006,52.358940280000006,76.76115716,70.15814421619224,28.429344376382492,0.8133086876155268,0.18114602587800369,8.835726908461426,0.1864405894329586
John Knie,Garage 61 - John Knie - Ferrari 296 Challenge - Autodromo Nazionale Monza (Grand Prix) - 01.44.612 - 01JYYR854T1XRZEKA5F6GMTNNH.csv,Ascari,16.586582998481394,,3975.2817288,52.10109404,74.7521536,36.97016148,74.7521536,55.491144595492955,153.47845779903875,0.7414486921529175,0.08048289738430583,16.24437667508812,0.34220632339327395
John Knie,Garage 61 - John Knie - Ferrari 296 Challenge - Autodromo Nazionale Monza (Grand Prix) - 01.44.612 - 01JYYR854T1XRZEKA5F6GMTNNH.csv,Parabolica,17.4758922544827,4980.41038665,5206.10867901,74.77551604,68.94981769230769,37.00019096,77.30728196,55.91821110650131,161.65110288362075,0.6285444234404537,0.14177693761814744,17.000741053092366,0.47515120139033584
Kiss Benedek,Garage 61 - Kiss Benedek - Ferrari 296 Challenge - Autodromo Nazionale Monza (Grand Prix) - 01.44.437 - 01K0PAXE7M3HW6STBZ7XN3W5EE.csv,T1-T2 (Rettifilo),18.795988129643252,726.98720544,981.02919855,69.63733838461539,35.46660548,17.23425276,79.99967408,55.20781685820049,607.3726431965015,0.6055209260908282,0.21104185218165628,18.38627200137899,0.40971612826426096
Kiss Benedek,Garage 61 - Kiss Benedek - Ferrari 296 Challenge - Autodromo Nazionale Monza (Grand Prix) - 01.44.437 - 01K0PAXE7M3HW6STBZ7XN3W5EE.csv,Curva Grande,11.754381007338978,,1042.8778734,35.58838616,72.20394476,35.58838616,72.20394476,58.66992003669985,103.99659157190214,1.0,0.0,11.588415280509311,0.1659657268296666
Kiss Benedek,Garage 61 - Kiss Benedek - Ferrari 296 Challenge - Autodromo Nazionale Monza (Grand Prix) - 01.44.437 - 01K0PAXE7M3HW6STBZ7XN3W5EE.csv,Var. della Roggia,10.529604943849357,1954.5619654500001,2161.38116046,72.22926676,39.90439844,27.005948880000002,75.95593376,49.167219880761905,384.3960084174241,0.4253968253968254,0.3396825396825397,10.341033627863455,0.18857131598590193
Kiss Benedek,Garage 61 - Kiss Benedek - Ferrari 296 Challenge - Autodromo Nazionale Monza (Grand Prix) - 01.44.437 - 01K0PAXE7M3HW6STBZ7XN3W5EE.csv,Lesmo 1-2,20.39552560899945,2429.6461851000004,2562.83791422,39.986863480000004,64.05654608,36.732228479999996,64.05654608,47.91924323712887,53.59893080834878,0.6729200652528549,0.17944535073409462,20.062911657518782,0.33261395148066697
Kiss Benedek,Garage 61 - Kiss Benedek - Ferrari 296 Challenge - Autodromo Nazionale Monza (Grand Prix) - 01.44.437 - 01K0PAXE7M3HW6STBZ7XN3W5EE.csv,Serraglio,8.999676232070907,3779.4368509200003,,64.09752288,52.130058600000005,52.130058600000005,76.64170528000001,70.21323578214815,28.18327897493978,0.8222222222222222,0.17407407407407408,8.835726908461426,0.1639493236094811
Kiss Benedek,Garage 61 - Kiss Benedek - Ferrari 296 Challenge - Autodromo Nazionale Monza (Grand Prix) - 01.44.437 - 01K0PAXE7M3HW6STBZ7XN3W5EE.csv,Ascari,16.5560296052481,,3960.6810516,51.878623080000004,74.62970560000001,35.93758996,74.62970560000001,55.62690525516129,147.88270767097933,0.7358870967741935,0.08870967741935484,16.24437667508812,0.31165293015997975
Kiss Benedek,Garage 61 - Kiss Benedek - Ferrari 296 Challenge - Autodromo Nazionale Monza (Grand Prix) - 01.44.437 - 01K0PAXE7M3HW6STBZ7XN3W5EE.csv,Parabolica,17.40579447284996,4975.3939383,5188.83279441,74.6531152,69.02379430769231,35.08358912,77.12137523999999,56.02743917019851,161.95215127909907,0.7024714828897338,0.22338403041825095,17.000741053092366,0.4050534197575928
Leonard Both,Garage 61 - Leonard Both - Ferrari 296 Challenge - Autodromo Nazionale Monza (Grand Prix) - 01.42.856 - 01K0P94QDEHHR7K77QQG30GQY0.csv,T1-T2 (Rettifilo),18.38627200137899,711.1158916200001,979.57144803,70.51189123076924,36.185676799999996,18.282502559999998,80.74322456,56.28523498071171,599.810308841775,0.6021798365122616,0.259763851044505,18.38627200137899,0.0
Leonard Both,Garage 61 - Leonard Both - Ferrari 296 Challenge - Autodromo Nazionale Monza (Grand Prix) - 01.42.856 - 01K0P94QDEHHR7K77QQG30GQY0.csv,Curva Grande,11.591043733117045,,1042.77580074,36.310357200000006,73.10275436,36.310357200000006,73.10275436,59.48509751994236,105.63193333970364,1.0,0.0,11.588415280509311,0.002628452607734033
Leonard Both,Garage 61 - Leonard Both - Ferrari 296 Challenge - Autodromo Nazionale Monza (Grand Prix) - 01.42.856 - 01K0P94QDEHHR7K77QQG30GQY0.csv,Var. della Roggia,10.377541312479462,1945.5198455399998,2159.95631418,73.12738156,40.33530296,26.106239240000004,76.68605528,49.89304428379421,394.6304285166534,0.39067524115755625,0.40353697749196143,10.341033627863455,0.03650768461600684
Leonard Both,Garage 61 - Leonard Both - Ferrari 296 Challenge - Autodromo Nazionale Monza (Grand Prix) - 01.42.856 - 01K0P94QDEHHR7K77QQG30GQY0.csv,Lesmo 1-2,20.146715655682467,2427.2345592,2563.5167379600002,40.418927159999996,65.02458416,35.94063444,65.02458416,48.46940194436363,59.337100583989525,0.7272727272727273,0.23553719008264462,20.062911657518782,0.08380399816368467
Leonard Both,Garage 61 - Leonard Both - Ferrari 296 Challenge - Autodromo Nazionale Monza (Grand Prix) - 01.42.856 - 01K0P94QDEHHR7K77QQG30GQY0.csv,Serraglio,8.894610894620573,3762.5343831,,65.05602136,51.02524071999999,51.02524071999999,77.73164136,71.06369299243447,32.86399653698228,0.799625468164794,0.20224719101123595,8.835726908461426,0.05888398615914703
Leonard Both,Garage 61 - Leonard Both - Ferrari 296 Challenge - Autodromo Nazionale Monza (Grand Prix) - 01.42.856 - 01K0P94QDEHHR7K77QQG30GQY0.csv,Ascari,16.30769021483474,,3965.9943912,50.754539320000006,75.750786,37.26111083999999,75.750786,56.4034707417178,151.3847221475711,0.689161554192229,0.11247443762781185,16.24437667508812,0.0633135397466198
Leonard Both,Garage 61 - Leonard Both - Ferrari 296 Challenge - Autodromo Nazionale Monza (Grand Prix) - 01.42.856 - 01K0P94QDEHHR7K77QQG30GQY0.csv,Parabolica,17.15212618788671,4973.4596556,5198.94146355,75.77495479999999,70.22372,35.254610119999995,78.26377776,56.964143312726605,175.7936840961115,0.686350435624395,0.21684414327202323,17.000741053092366,0.1513851347943458
Luke Tyler,Garage 61 - Luke Tyler - Ferrari 296 Challenge - Autodromo Nazionale Monza (Grand Prix) - 01.44.107 - 01JYYR7KWF5XAC1D14HK5NAHDR.csv,T1-T2 (Rettifilo),18.594403158000766,729.88277856,972.071193,69.78512915384616,36.01889488,17.073471639999998,79.94438120000001,55.75146405252858,592.5850243553185,0.6174617461746175,0.2232223222322232,18.38627200137899,0.20813115662177495
Luke Tyler,Garage 61 - Luke Tyler - Ferrari 296 Challenge - Autodromo Nazionale Monza (Grand Prix) - 01.44.107 - 01JYYR7KWF5XAC1D14HK5NAHDR.csv,Curva Grande,11.713927095111426,,1043.3453685,36.13907768,72.01111008,36.13907768,72.01111008,58.787304491908834,100.93587866925841,1.0,0.0,11.588415280509311,0.12551181460211502
Luke Tyler,Garage 61 - Luke Tyler - Ferrari 296 Challenge - Autodromo Nazionale Monza (Grand Prix) - 01.44.107 - 01JYYR7KWF5XAC1D14HK5NAHDR.csv,Var. della Roggia,10.56288888522159,1960.10829951,2150.7873855,72.03485288,39.8457796,25.09608868,75.6335478,48.97892674544304,394.7392651641568,0.4240506329113924,0.3575949367088608,10.341033627863455,0.2218552573581345
Luke Tyler,Garage 61 - Luke Tyler - Ferrari 296 Challenge - Autodromo Nazionale Monza (Grand Prix) - 01.44.107 - 01JYYR7KWF5XAC1D14HK5NAHDR.csv,Lesmo 1-2,20.386011673499716,2433.4521861,2867.39845899,39.94521412,63.660793000000005,36.016463640000005,63.660793000000005,47.880267371615005,54.985748907900145,0.699021207177814,0.1598694942903752,20.062911657518782,0.3231000159809341
Luke Tyler,Garage 61 - Luke Tyler - Ferrari 296 Challenge - Autodromo Nazionale Monza (Grand Prix) - 01.44.107 - 01JYYR7KWF5XAC1D14HK5NAHDR.csv,Serraglio,8.987283398086007,3784.6445262,,63.7021318,52.28224636,52.28224636,76.67593072,70.28729731155556,27.33215481806648,0.8333333333333334,0.1648148148148148,8.835726908461426,0.15155648962458024
Luke Tyler,Garage 61 - Luke Tyler - Ferrari 296 Challenge - Autodromo Nazionale Monza (Grand Prix) - 01.44.107 - 01JYYR7KWF5XAC1D14HK5NAHDR.csv,Ascari,16.534687909370867,,3967.04970201,52.00358588,74.589697,35.51202128,74.589697,55.593689429314516,160.5334870528966,0.7076612903225806,0.07661290322580645,16.24437667508812,0.29031123428274697
Luke Tyler,Garage 61 - Luke Tyler - Ferrari 296 Challenge - Autodromo Nazionale Monza (Grand Prix) - 01.44.107 - 01JYYR7KWF5XAC1D14HK5NAHDR.csv,Parabolica,17.327797880709625,4996.721447100001,5207.02507368,74.61171196000001,69.357836,34.90325724,77.22071627999999,56.296370486214634,179.6584496397506,0.7190795781399808,0.15436241610738255,17.000741053092366,0.32705682761725896
Maik Schmidt,Garage 61 - Maik Schmidt - Ferrari 296 Challenge - Autodromo Nazionale Monza (Grand Prix) - 01.44.596 - 01K3XKND350RR8NFAX0B80HFZZ.csv,T1-T2 (Rettifilo),18.70203410109296,733.0012663199999,977.85631452,69.40292246153845,34.936501559999996,16.32788264,80.13153192,55.48031800696813,603.0486183067235,0.6023339317773788,0.26032315978456017,18.38627200137899,0.31576209971396807
Maik Schmidt,Garage 61 - Maik Schmidt - Ferrari 296 Challenge - Autodromo Nazionale Monza (Grand Prix) - 01.44.596 - 01K3XKND350RR8NFAX0B80HFZZ.csv,Curva Grande,11.806137457916014,,1042.82359299,35.05868676,71.9315132,35.05868676,71.9315132,58.32618200107345,105.45972580551837,1.0,0.0,11.588415280509311,0.21772217740670285
Maik Schmidt,Garage 61 - Maik Schmidt - Ferrari 296 Challenge - Autodromo Nazionale Monza (Grand Prix) - 01.44.596 - 01K3XKND350RR8NFAX0B80HFZZ.csv,Var. della Roggia,10.52140897052072,1959.9532209,2152.98594486,71.95489884,40.14726712,24.51866692,75.51615404,49.20108647980923,390.2634595643384,0.40063593004769477,0.37360890302066774,10.341033627863455,0.18037534265726585
Maik Schmidt,Garage 61 - Maik Schmidt - Ferrari 296 Challenge - Autodromo Nazionale Monza (Grand Prix) - 01.44.596 - 01K3XKND350RR8NFAX0B80HFZZ.csv,Lesmo 1-2,20.57691389141687,2432.8285696499997,2879.4071741999996,40.22683772,63.45526096,34.585184999999996,63.45526096,47.41807533030695,57.27408628127341,0.7003231017770598,0.16882067851373184,20.062911657518782,0.5140022338980863
Maik Schmidt,Garage 61 - Maik Schmidt - Ferrari 296 Challenge - Autodromo Nazionale Monza (Grand Prix) - 01.44.596 - 01K3XKND350RR8NFAX0B80HFZZ.csv,Serraglio,9.066192423056926,3778.1662143000003,,63.497718879999994,51.34219164,51.34219164,76.10680104,69.59996824036696,29.451792394926546,0.7889908256880734,0.1779816513761468,8.835726908461426,0.23046551459549924
Maik Schmidt,Garage 61 - Maik Schmidt - Ferrari 296 Challenge - Autodromo Nazionale Monza (Grand Prix) - 01.44.596 - 01K3XKND350RR8NFAX0B80HFZZ.csv,Ascari,16.360363140184976,,3952.6589052000004,51.10053164000001,75.09847856,34.15854536,75.09847856,56.17347286833843,167.0967865290399,0.7675840978593272,0.09276248725790011,16.24437667508812,0.1159864650968565
Maik Schmidt,Garage 61 - Maik Schmidt - Ferrari 296 Challenge - Autodromo Nazionale Monza (Grand Prix) - 01.44.596 - 01K3XKND350RR8NFAX0B80HFZZ.csv,Parabolica,17.56295001581153,4986.0999816,5196.91223358,75.12079016,68.80322569230769,33.06655132,77.39486112,55.527025062849575,185.65759277187576,0.6889726672950047,0.1941564561734213,17.000741053092366,0.5622089627191649
Marco Hoekstra,Garage 61 - Marco Hoekstra - Ferrari 296 Challenge - Autodromo Nazionale Monza (Grand Prix) - 01.44.517 - 01K3HA1CG073JC2K87MG49HJ87.csv,T1-T2 (Rettifilo),18.67984020631222,729.1481103000001,983.9515932599999,69.84807615384615,34.995723,18.45089144,80.34249048,55.40814132048353,601.020946685256,0.5957066189624329,0.23881932021466906,18.38627200137899,0.29356820493323
Marco Hoekstra,Garage 61 - Marco Hoekstra - Ferrari 296 Challenge - Autodromo Nazionale Monza (Grand Prix) - 01.44.517 - 01K3HA1CG073JC2K87MG49HJ87.csv,Curva Grande,11.762306790409983,,1043.10432177,35.12096724,72.28363316,35.12096724,72.28363316,58.59406312561701,106.86124600108155,1.0,0.0,11.588415280509311,0.17389150990067215
Marco Hoekstra,Garage 61 - Marco Hoekstra - Ferrari 296 Challenge - Autodromo Nazionale Monza (Grand Prix) - 01.44.517 - 01K3HA1CG073JC2K87MG49HJ87.csv,Var. della Roggia,10.501979164259568,1965.10621026,2158.05893289,72.307873,40.224726000000004,25.57582792,76.10365276,49.27487615732485,404.68306523536074,0.4585987261146497,0.3471337579617834,10.341033627863455,0.1609455363961132
Marco Hoekstra,Garage 61 - Marco Hoekstra - Ferrari 296 Challenge - Autodromo Nazionale Monza (Grand Prix) - 01.44.517 - 01K3HA1CG073JC2K87MG49HJ87.csv,Lesmo 1-2,20.67215373700594,2427.5624430000003,2889.00119322,40.30627976,63.52783172,34.59535236,63.52783172,47.2258505488746,59.92788102087171,0.7001607717041801,0.16237942122186494,20.062911657518782,0.6092420794871565
Marco Hoekstra,Garage 61 - Marco Hoekstra - Ferrari 296 Challenge - Autodromo Nazionale Monza (Grand Prix) - 01.44.517 - 01K3HA1CG073JC2K87MG49HJ87.csv,Serraglio,8.99171217335891,3788.69991585,,63.570803960000006,52.883822040000005,52.883822040000005,76.70454936,70.25561433607407,26.40440567777652,0.8407407407407408,0.1574074074074074,8.835726908461426,0.15598526489748288
Marco Hoekstra,Garage 61 - Marco Hoekstra - Ferrari 296 Challenge - Autodromo Nazionale Monza (Grand Prix) - 01.44.517 - 01K3HA1CG073JC2K87MG49HJ87.csv,Ascari,16.50277134651529,,3975.2330675999997,52.60226152,74.94399896,34.9484318,74.94399896,55.67063393785859,166.70313742056115,0.7737373737373737,0.09292929292929293,16.24437667508812,0.258394671427169
Marco Hoekstra,Garage 61 - Marco Hoekstra - Ferrari 296 Challenge - Autodromo Nazionale Monza (Grand Prix) - 01.44.517 - 01K3HA1CG073JC2K87MG49HJ87.csv,Parabolica,17.40623658213809,4995.62975625,5194.0318381199995,74.96679592000001,69.44027461538461,33.716851319999996,77.63724168,56.16683856653805,188.45151096231527,0.7581261950286807,0.17304015296367112,17.000741053092366,0.40549552904572295
Patrick Strijdonck,Garage 61 - Patrick Strijdonck - Ferrari 296 Challenge - Autodromo Nazionale Monza (Grand Prix) - 01.44.215 - 01K3H9NW973PEKTASW8NV09.csv,T1-T2 (Rettifilo),18.575576597647622,736.35135822,981.06256623,70.27653392307693,35.00397892,18.38242728,80.41610572,55.696627156756456,607.3108405966298,0.5953237410071942,0.21133093525179855,18.38627200137899,0.18930459626863083
Patrick Strijdonck,Garage 61 - Patrick Strijdonck - Ferrari 296 Challenge - Autodromo Nazionale Monza (Grand Prix) - 01.44.215 - 01K3H9NW973PEKTASW8NV09.csv,Curva Grande,11.769917794000499,,1042.81032702,35.12938292,71.9625842,35.12938292,71.9625842,58.53716811880851,104.86068400257975,1.0,0.0,11.588415280509311,0.1815025134911874
Patrick Strijdonck,Garage 61 - Patrick Strijdonck - Ferrari 296 Challenge - Autodromo Nazionale Monza (Grand Prix) - 01.44.215 - 01K3H9NW973PEKTASW8NV09.csv,Var. della Roggia,10.48366275347287,1969.43132199,2153.84348265,71.9877766,40.8622836,24.598999879999997,75.90124568,49.24102092909379,407.885282366001,0.4562798092209857,0.3052464228934817,10.341033627863455,0.14262912560941565
Patrick Strijdonck,Garage 61 - Patrick Strijdonck - Ferrari 296 Challenge - Autodromo Nazionale Monza (Grand Prix) - 01.44.215 - 01K3H9NW973PEKTASW8NV09.csv,Lesmo 1-2,20.531809444324704,2432.26021842,2548.5194719799997,40.94206724,63.964536120000005,35.82138188,63.964536120000005,47.51859517241491,60.136505462817105,0.7139384116693679,0.1507293354943274,20.062911657518782,0.46889778680592187
Patrick Strijdonck,Garage 61 - Patrick Strijdonck - Ferrari 296 Challenge - Autodromo Nazionale Monza (Grand Prix) - 01.44.215 - 01K3H9NW973PEKTASW8NV09.csv,Serraglio,8.96745836752725,3790.0146372000004,,64.00686668,53.01958248,53.01958248,76.74461264,70.47744580578849,25.44986279966525,0.8441558441558441,0.15584415584415584,8.835726908461426,0.13173145906582384
Patrick Strijdonck,Garage 61 - Patrick Strijdonck - Ferrari 296 Challenge - Autodromo Nazionale Monza (Grand Prix) - 01.44.215 - 01K3H9NW973PEKTASW8NV09.csv,Ascari,16.402737758896517,,3964.2118851000005,52.731710480000004,74.67577388,36.0294104,74.67577388,56.00444329052846,149.59607922592127,0.7042682926829268,0.0701219512195122,16.24437667508812,0.15836108380839775
Patrick Strijdonck,Garage 61 - Patrick Strijdonck - Ferrari 296 Challenge - Autodromo Nazionale Monza (Grand Prix) - 01.44.215 - 01K3H9NW973PEKTASW8NV09.csv,Parabolica,17.48383728413054,4993.1865585000005,5186.8200744900005,74.69847468,69.05978076923077,35.34225748,77.33128996,55.80980291967534,180.2512109150536,0.6961904761904761,0.16380952380952382,17.000741053092366,0.483096231038175
Ricardo Valero Garca,Garage 61 - Ricardo Valero Garca - Ferrari 296 Challenge - Autodromo Nazionale Monza (Grand Prix) - 01.44.714 - 01K43H04CF7P5H1ECH89.csv,T1-T2 (Rettifilo),18.670076462326453,733.75377702,979.16744421,69.33054546153845,35.211881,18.37828516,80.17639468,55.50382658240639,599.4979673588555,0.599640933572711,0.21723518850987433,18.38627200137899,0.2838044609474615
Ricardo Valero Garca,Garage 61 - Ricardo Valero Garca - Ferrari 296 Challenge - Autodromo Nazionale Monza (Grand Prix) - 01.44.714 - 01K43H04CF7P5H1ECH89.csv,Curva Grande,11.753388299790148,,1043.08074426,35.3337318,72.04732196,35.3337318,72.04732196,58.46384714334278,104.40784011510064,1.0,0.0,11.588415280509311,0.1649730192808363
Ricardo Valero Garca,Garage 61 - Ricardo Valero Garca - Ferrari 296 Challenge - Autodromo Nazionale Monza (Grand Prix) - 01.44.714 - 01K43H04CF7P5H1ECH89.csv,Var. della Roggia,10.596085541996914,1965.4527475200002,2161.41893082,72.07280195999999,39.47715836,25.554183119999998,75.86846332,48.78401798223622,409.64405630208574,0.42362204724409447,0.3228346456692913,10.341033627863455,0.2550519141334586
Ricardo Valero Garca,Garage 61 - Ricardo Valero Garca - Ferrari 296 Challenge - Autodromo Nazionale Monza (Grand Prix) - 01.44.714 - 01K43H04CF7P5H1ECH89.csv,Lesmo 1-2,20.58711788958407,2433.68715018,2875.25863311,39.57942708,63.66199112,35.82786924,63.66199112,47.31145468483871,57.52891722277573,0.7040322580645161,0.1629032258064516,20.062911657518782,0.5242062320652892
Ricardo Valero Garca,Garage 61 - Ricardo Valero Garca - Ferrari 296 Challenge - Autodromo Nazionale Monza (Grand Prix) - 01.44.714 - 01K43H04CF7P5H1ECH89.csv,Serraglio,9.016644315430009,3780.9136604100004,,63.70380952000001,51.18723884,51.18723884,76.37266144,69.86697871447514,29.300879362844185,0.8324125230202578,0.1731123388581952,8.835726908461426,0.18091740696858238
Ricardo Valero Garca,Garage 61 - Ricardo Valero Garca - Ferrari 296 Challenge - Autodromo Nazionale Monza (Grand Prix) - 01.44.714 - 01K43H04CF7P5H1ECH89.csv,Ascari,16.44603491016012,,3964.6909662000003,50.934717039999995,74.6347562,34.735862080000004,74.6347562,55.69789466778564,157.95387953328998,0.8240647118301314,0.10717896865520728,16.24437667508812,0.20165823507199931
Ricardo Valero Garca,Garage 61 - Ricardo Valero Garca - Ferrari 296 Challenge - Autodromo Nazionale Monza (Grand Prix) - 01.44.714 - 01K43H04CF7P5H1ECH89.csv,Parabolica,17.644652580712293,4985.930826,5187.1692186,74.657665,68.77442461538462,34.93516032,77.18800844,55.29369820659207,184.56569889578716,0.6685606060606061,0.19602272727272727,17.000741053092366,0.6439115276199274
Sjors Busscher,Garage 61 - Sjors Busscher - Ferrari 296 Challenge - Autodromo Nazionale Monza (Grand Prix) - 01.44.113 - 01K3H64TMBAXJ8RYPFZ60BR9SK.csv,T1-T2 (Rettifilo),18.784651881855012,723.37839816,983.9184573,70.02960776923076,34.86620536,18.14146392,80.75895856,55.11259168825966,612.5204208999786,0.6,0.21511111111111111,18.38627200137899,0.39837988047602124
Sjors Busscher,Garage 61 - Sjors Busscher - Ferrari 296 Challenge - Autodromo Nazionale Monza (Grand Prix) - 01.44.113 - 01K3H64TMBAXJ8RYPFZ60BR9SK.csv,Curva Grande,11.770966472161128,,1043.25719904,34.9899468,72.22799576,34.9899468,72.22799576,58.49667897577305,107.29076389470282,1.0,0.0,11.588415280509311,0.18255119165181632
Sjors Busscher,Garage 61 - Sjors Busscher - Ferrari 296 Challenge - Autodromo Nazionale Monza (Grand Prix) - 01.44.113 - 01K3H64TMBAXJ8RYPFZ60BR9SK.csv,Var. della Roggia,10.408613465656424,1965.9927709800002,2157.23372004,72.25319655999999,40.27106476,26.170912400000002,76.20341084,49.75098473983949,400.4503843742985,0.48154093097913325,0.35313001605136435,10.341033627863455,0.0675798377929695
Sjors Busscher,Garage 61 - Sjors Busscher - Ferrari 296 Challenge - Autodromo Nazionale Monza (Grand Prix) - 01.44.113 - 01K3H64TMBAXJ8RYPFZ60BR9SK.csv,Lesmo 1-2,20.368407007654216,2434.99787436,2879.5427304,40.35286212,64.2021218,36.4900338,64.2021218,47.95814649543745,55.29504404855726,0.7170891251022077,0.13409648405560098,20.062911657518782,0.30549535013543405
Sjors Busscher,Garage 61 - Sjors Busscher - Ferrari 296 Challenge - Autodromo Nazionale Monza (Grand Prix) - 01.44.113 - 01K3H64TMBAXJ8RYPFZ60BR9SK.csv,Serraglio,8.89028480894383,3791.19947949,,64.24470688000001,55.261497920000004,55.261497920000004,77.32478535999999,71.06729087228464,23.591622677982798,0.848314606741573,0.15168539325842698,8.835726908461426,0.054557900482404165
Sjors Busscher,Garage 61 - Sjors Busscher - Ferrari 296 Challenge - Autodromo Nazionale Monza (Grand Prix) - 01.44.113 - 01K3H64TMBAXJ8RYPFZ60BR9SK.csv,Ascari,16.56811209315951,,3975.2423364,54.98674468,75.5537672,33.2937164,75.5537672,55.48770589640201,176.1694777865697,0.7879396984924623,0.11758793969849246,16.24437667508812,0.32373541807139006
Sjors Busscher,Garage 61 - Sjors Busscher - Ferrari 296 Challenge - Autodromo Nazionale Monza (Grand Prix) - 01.44.113 - 01K3H64TMBAXJ8RYPFZ60BR9SK.csv,Parabolica,17.321964270569882,4982.7765375,5182.29886971,75.5777664,69.50061538461539,36.65847976,78.23832304,56.3417039912129,174.54534939106918,0.6785028790786948,0.15834932821497122,17.000741053092366,0.3212232174775167
Tobias Baaken,Garage 61 - Tobias Baaken - Ferrari 296 Challenge - Autodromo Nazionale Monza (Grand Prix) - 01.43.742 - 01K0CKWTWZ7CZV8W3H6TP2Y5MM.csv,T1-T2 (Rettifilo),18.57128165438573,736.07937687,976.5671403,70.345862,34.7564244,18.48387296,80.91974296000001,55.75245652688871,622.1737205401075,0.5737410071942446,0.26888489208633093,18.38627200137899,0.18500965300673755
Tobias Baaken,Garage 61 - Tobias Baaken - Ferrari 296 Challenge - Autodromo Nazionale Monza (Grand Prix) - 01.43.742 - 01K0CKWTWZ7CZV8W3H6TP2Y5MM.csv,Curva Grande,11.698068159471577,,1042.88806908,34.886240120000004,73.00746928000001,34.886240120000004,73.00746928000001,59.004152147999996,111.90276766579447,1.0,0.0,11.588415280509311,0.10965287896226528
Tobias Baaken,Garage 61 - Tobias Baaken - Ferrari 296 Challenge - Autodromo Nazionale Monza (Grand Prix) - 01.43.742 - 01K0CKWTWZ7CZV8W3H6TP2Y5MM.csv,Var. della Roggia,10.50446943154596,1962.3917263199999,2157.4846728,73.03384688,40.57495672,26.271658279999997,76.90448668,49.29691801761526,414.1197943843464,0.43402225755166934,0.32909379968203495,10.341033627863455,0.1634358036825052
Tobias Baaken,Garage 61 - Tobias Baaken - Ferrari 296 Challenge - Autodromo Nazionale Monza (Grand Prix) - 01.43.742 - 01K0CKWTWZ7CZV8W3H6TP2Y5MM.csv,Lesmo 1-2,20.233805236937535,2432.6288270100004,2873.2932419999997,40.67940576,64.76818752,36.511387840000005,64.76818752,48.266746818947375,58.35212477481618,0.6768092105263158,0.17434210526315788,20.062911657518782,0.1708935794187525
Tobias Baaken,Garage 61 - Tobias Baaken - Ferrari 296 Challenge - Autodromo Nazionale Monza (Grand Prix) - 01.43.742 - 01K0CKWTWZ7CZV8W3H6TP2Y5MM.csv,Serraglio,8.887418214684422,3782.77303962,,64.80222632,52.43808964000001,52.43808964000001,77.9216968,71.2670959441651,29.799580178576385,0.8311444652908068,0.16885553470919323,8.835726908461426,0.05169130622299534
Tobias Baaken,Garage 61 - Tobias Baaken - Ferrari 296 Challenge - Autodromo Nazionale Monza (Grand Prix) - 01.43.742 - 01K0CKWTWZ7CZV8W3H6TP2Y5MM.csv,Ascari,16.454624851852632,4028.39455965,3974.84974479,52.15194732,75.87612503999999,36.21188496,75.87612503999999,55.92616733637285,165.8391131228298,0.7284701114488349,0.13576494427558258,16.24437667508812,0.21024817676451235
Tobias Baaken,Garage 61 - Tobias Baaken - Ferrari 296 Challenge - Autodromo Nazionale Monza (Grand Prix) - 01.43.742 - 01K0CKWTWZ7CZV8W3H6TP2Y5MM.csv,Parabolica,17.39233245112215,4987.0569852,5200.756120800001,75.90011404,69.96070969230769,32.871024000000006,78.55926368,56.2140417267805,190.7262490553275,0.7433206106870229,0.22137404580152673,17.000741053092366,0.39159139802978515
Ventsislav Raychinov,Garage 61 - Ventsislav Raychinov - Ferrari 296 Challenge - Autodromo Nazionale Monza (Grand Prix) - 01.43.374 - 01JXE057DB7JCDKFXQ7BGMWZPB.csv,T1-T2 (Rettifilo),18.451968561406154,732.26926284,975.02880915,71.06880923076923,35.71021356,15.71667082,81.20728636000001,56.239257160461605,630.8697633086297,0.6167120799273388,0.296094459582198,18.38627200137899,0.06569656002716329
Ventsislav Raychinov,Garage 61 - Ventsislav Raychinov - Ferrari 296 Challenge - Autodromo Nazionale Monza (Grand Prix) - 01.43.374 - 01JXE057DB7JCDKFXQ7BGMWZPB.csv,Curva Grande,11.588415280509311,,1042.95712164,35.83721796,73.3941298,35.83721796,73.3941298,59.48791610810967,109.67660144340645,1.0,0.0,11.588415280509311,0.0
Ventsislav Raychinov,Garage 61 - Ventsislav Raychinov - Ferrari 296 Challenge - Autodromo Nazionale Monza (Grand Prix) - 01.43.374 - 01JXE057DB7JCDKFXQ7BGMWZPB.csv,Var. della Roggia,10.464364338419205,1954.71026625,2162.5008315,73.418691,39.33025272,25.529322960000005,77.105037,49.587609663872,422.94930018129844,0.4176,0.3984,10.341033627863455,0.1233307105557504
Ventsislav Raychinov,Garage 61 - Ventsislav Raychinov - Ferrari 296 Challenge - Autodromo Nazionale Monza (Grand Prix) - 01.43.374 - 01JXE057DB7JCDKFXQ7BGMWZPB.csv,Lesmo 1-2,20.22816556110387,2428.1846112,2885.40895392,39.41830352,64.14261936,36.69662316,64.14261936,48.315915132236846,55.34306004109361,0.7302631578947368,0.19901315789473684,20.062911657518782,0.1652539035850893
Ventsislav Raychinov,Garage 61 - Ventsislav Raychinov - Ferrari 296 Challenge - Autodromo Nazionale Monza (Grand Prix) - 01.43.374 - 01JXE057DB7JCDKFXQ7BGMWZPB.csv,Serraglio,8.835726908461426,3785.3081722800002,,64.17816624,57.38468112,57.38468112,77.85803744,71.66978971781133,22.25153307365458,0.8490566037735849,0.15849056603773584,8.835726908461426,0.0
Ventsislav Raychinov,Garage 61 - Ventsislav Raychinov - Ferrari 296 Challenge - Autodromo Nazionale Monza (Grand Prix) - 01.43.374 - 01JXE057DB7JCDKFXQ7BGMWZPB.csv,Ascari,16.49428833437517,,3986.19255465,57.1117918,75.76075628000001,36.1070958,75.76075628000001,55.72972176824242,169.67983353148452,0.7383838383838384,0.13232323232323231,16.24437667508812,0.24991165928705072
Ventsislav Raychinov,Garage 61 - Ventsislav Raychinov - Ferrari 296 Challenge - Autodromo Nazionale Monza (Grand Prix) - 01.43.374 - 01JXE057DB7JCDKFXQ7BGMWZPB.csv,Parabolica,17.31107101572486,4993.9431243,5203.4240290200005,75.78470892,69.63750507692308,34.94188432,78.546558,56.35703296851735,186.84307910246713,0.725883476599809,0.19484240687679083,17.000741053092366,0.310329962632494
samuel albert,Garage 61 - samuel albert - Ferrari 296 Challenge - Autodromo Nazionale Monza (Grand Prix) - 01.43.943 - 01JYYR915H2838ZPKFPXPVYT04.csv,T1-T2 (Rettifilo),18.58166779546782,715.34883672,977.3994785399999,69.98163907692307,35.354069360000004,17.717873719999996,80.38364544,55.77971952145879,595.2010624784438,0.5832583258325833,0.24032403240324032,18.38627200137899,0.195395794088828
samuel albert,Garage 61 - samuel albert - Ferrari 296 Challenge - Autodromo Nazionale Monza (Grand Prix) - 01.43.943 - 01JYYR915H2838ZPKFPXPVYT04.csv,Curva Grande,11.742190909848123,,1042.9983678,35.477126760000004,72.22833947999999,35.477126760000004,72.22833947999999,58.672511333143675,105.43825134351204,1.0,0.0,11.588415280509311,0.15377562933881173
samuel albert,Garage 61 - samuel albert - Ferrari 296 Challenge - Autodromo Nazionale Monza (Grand Prix) - 01.43.943 - 01JYYR915H2838ZPKFPXPVYT04.csv,Var. della Roggia,10.383859657500832,1973.17475859,2159.2150419,72.25268088,39.84110384,25.820351000000002,76.10327184,49.9033900226087,409.3198137802605,0.4524959742351047,0.33011272141706927,10.341033627863455,0.042826029637376806
samuel albert,Garage 61 - samuel albert - Ferrari 296 Challenge - Autodromo Nazionale Monza (Grand Prix) - 01.43.943 - 01JYYR915H2838ZPKFPXPVYT04.csv,Lesmo 1-2,20.484280151601386,2434.5092927399996,2884.87321728,39.92393204,63.798864679999994,35.3686152,63.798864679999994,47.66537616240065,56.469922235689644,0.6942416869424168,0.18085969180859693,20.062911657518782,0.42136849408260346
samuel albert,Garage 61 - samuel albert - Ferrari 296 Challenge - Autodromo Nazionale Monza (Grand Prix) - 01.43.943 - 01JYYR915H2838ZPKFPXPVYT04.csv,Serraglio,8.944300922903622,3787.3898289,,63.831191200000006,54.38200972,54.38200972,77.07120323999999,70.74105019523277,24.851478562037038,0.8342644320297952,0.15828677839851024,8.835726908461426,0.10857401444219583
samuel albert,Garage 61 - samuel albert - Ferrari 296 Challenge - Autodromo Nazionale Monza (Grand Prix) - 01.43.943 - 01JYYR915H2838ZPKFPXPVYT04.csv,Ascari,16.509624586221154,3951.1376634000003,3964.2663393,54.109079599999994,74.66575535999999,38.857437159999996,74.66575535999999,55.67589180137374,147.48811685515795,0.7272727272727273,0.09292929292929293,16.24437667508812,0.26524791113303436
samuel albert,Garage 61 - samuel albert - Ferrari 296 Challenge - Autodromo Nazionale Monza (Grand Prix) - 01.43.943 - 01JYYR915H2838ZPKFPXPVYT04.csv,Parabolica,17.297075976457055,4991.710502100001,5196.11633331,74.68943216,69.57360323076922,36.4307836,77.39079616,56.47866497497873,173.13189557941328,0.682341650671785,0.16218809980806143,17.000741053092366,0.2963349233646895
